task_id,model,nominal_coverage,empirical_coverage,mean_interval_width
1,benchmark_official,0.5,0.002688172043010753,0.0
1,benchmark_official,0.8,0.002688172043010753,0.0
1,benchmark_official,0.9,0.002688172043010753,0.0
1,benchmark_official,0.95,0.002688172043010753,0.0
1,benchmark_official,0.98,0.002688172043010753,0.0
1,baseline_empirical_climatology,0.5,0.7150537634408602,19.97540322580645
1,baseline_empirical_climatology,0.8,0.9448924731182796,44.94806451612903
1,baseline_empirical_climatology,0.9,0.9932795698924731,60.15567204301075
1,baseline_empirical_climatology,0.95,0.9986559139784946,70.41685752688174
1,baseline_empirical_climatology,0.98,1.0,87.9882661290323
1,linear_qr,0.5,0.4368279569892473,25.680445282417725
1,linear_qr,0.8,0.8077956989247311,46.02715848585561
1,linear_qr,0.9,0.8844086021505376,59.78764828069057
1,linear_qr,0.95,0.956989247311828,73.53318920987873
1,linear_qr,0.98,0.9798387096774194,91.65486139317437
1,linear_qr__residual,0.5,0.4838709677419355,26.216064466316165
1,linear_qr__residual,0.8,0.8077956989247311,47.53984529475111
1,linear_qr__residual,0.9,0.928763440860215,63.228658549899876
1,linear_qr__residual,0.95,0.9610215053763441,77.51670242665236
1,linear_qr__residual,0.98,0.978494623655914,97.80494216157183
1,lightgbm,0.5,0.28897849462365593,21.158514707228832
1,lightgbm,0.8,0.8279569892473119,44.53990348237887
1,lightgbm,0.9,0.9112903225806451,54.27395622883666
1,lightgbm,0.95,0.9865591397849462,66.31286602640685
1,lightgbm,0.98,1.0,81.88369982238395
1,lightgbm__residual,0.5,0.6317204301075269,26.14924113695122
1,lightgbm__residual,0.8,0.8938172043010753,47.05650355949709
1,lightgbm__residual,0.9,0.9825268817204301,63.508445250341026
1,lightgbm__residual,0.95,0.9959677419354839,73.93494775157353
1,lightgbm__residual,0.98,1.0,90.10576020989252
1,xgboost,0.5,0.33602150537634407,26.10715163651333
1,xgboost,0.8,0.8924731182795699,53.1730325452743
1,xgboost,0.9,0.9489247311827957,63.165586420284804
1,xgboost,0.95,0.9905913978494624,71.43660135508438
1,xgboost,0.98,1.0,84.85132377378402
1,xgboost__residual,0.5,0.728494623655914,29.006256787046308
1,xgboost__residual,0.8,0.9529569892473119,55.223099629725176
1,xgboost__residual,0.9,0.9744623655913979,66.54612149089895
1,xgboost__residual,0.95,0.9838709677419355,75.56525349617004
1,xgboost__residual,0.98,0.9973118279569892,90.12150014472265
1,linear_qr__ens_baseline,0.5,0.6008064516129032,22.827924254112087
1,linear_qr__ens_baseline,0.8,0.9368279569892473,45.48761150099232
1,linear_qr__ens_baseline,0.9,0.9905913978494624,59.971660161850664
1,linear_qr__ens_baseline,0.95,0.9959677419354839,71.97502336838023
1,linear_qr__ens_baseline,0.98,0.9986559139784946,89.82156376110333
1,lightgbm__ens_baseline,0.5,0.45698924731182794,20.566958966517642
1,lightgbm__ens_baseline,0.8,0.9543010752688172,44.74398399925395
1,lightgbm__ens_baseline,0.9,0.9973118279569892,57.21481413592371
1,lightgbm__ens_baseline,0.95,1.0,68.36486177664429
1,lightgbm__ens_baseline,0.98,1.0,84.93598297570813
1,xgboost__ens_baseline,0.5,0.5174731182795699,23.04127743115989
1,xgboost__ens_baseline,0.8,0.9717741935483871,49.06054853070168
1,xgboost__ens_baseline,0.9,0.9946236559139785,61.660629231647775
1,xgboost__ens_baseline,0.95,0.9986559139784946,70.92672944098305
1,xgboost__ens_baseline,0.98,1.0,86.41979495140818
2,benchmark_official,0.5,0.001388888888888889,0.0
2,benchmark_official,0.8,0.001388888888888889,0.0
2,benchmark_official,0.9,0.001388888888888889,0.0
2,benchmark_official,0.95,0.001388888888888889,0.0
2,benchmark_official,0.98,0.001388888888888889,0.0
2,baseline_empirical_climatology,0.5,0.7180555555555556,32.64597222222222
2,baseline_empirical_climatology,0.8,0.9305555555555556,59.5097638888889
2,baseline_empirical_climatology,0.9,0.9625,72.69937499999996
2,baseline_empirical_climatology,0.95,0.9888888888888889,88.44064861111109
2,baseline_empirical_climatology,0.98,0.9944444444444445,107.49909305555553
2,linear_qr,0.5,0.6444444444444445,35.06472634904777
2,linear_qr,0.8,0.8777777777777778,60.21909884537837
2,linear_qr,0.9,0.9305555555555556,77.21503413149816
2,linear_qr,0.95,0.9555555555555556,92.13142530110619
2,linear_qr,0.98,0.9805555555555555,114.59177694122847
2,linear_qr__residual,0.5,0.6333333333333333,35.2823198674843
2,linear_qr__residual,0.8,0.8652777777777778,60.58999177842454
2,linear_qr__residual,0.9,0.9416666666666667,78.32311099138632
2,linear_qr__residual,0.95,0.9708333333333333,94.36441889414762
2,linear_qr__residual,0.98,0.9958333333333333,119.57322640840195
2,lightgbm,0.5,0.5708333333333333,33.227264410262315
2,lightgbm,0.8,0.8375,56.67110922181935
2,lightgbm,0.9,0.9333333333333333,68.88945718807382
2,lightgbm,0.95,0.9541666666666667,80.0434910994624
2,lightgbm,0.98,0.9805555555555555,99.29222588439289
2,lightgbm__residual,0.5,0.6902777777777778,41.13917720332249
2,lightgbm__residual,0.8,0.9208333333333333,60.827174002642806
2,lightgbm__residual,0.9,0.9597222222222223,75.74221229132166
2,lightgbm__residual,0.95,0.975,86.22240509990743
2,lightgbm__residual,0.98,0.9930555555555556,106.08715240904525
2,xgboost,0.5,0.6180555555555556,35.628600650363495
2,xgboost,0.8,0.8583333333333333,65.95351434283786
2,xgboost,0.9,0.9222222222222223,76.32057752609253
2,xgboost,0.95,0.9625,86.22323944303724
2,xgboost,0.98,0.9833333333333333,96.58798547320896
2,xgboost__residual,0.5,0.75,46.0943265852001
2,xgboost__residual,0.8,0.9222222222222223,70.65287324620618
2,xgboost__residual,0.9,0.9638888888888889,84.36300143202146
2,xgboost__residual,0.95,0.9819444444444444,91.9603643393075
2,xgboost__residual,0.98,0.9902777777777778,101.55197494692273
2,linear_qr__ens_baseline,0.5,0.7055555555555556,33.85534928563499
2,linear_qr__ens_baseline,0.8,0.9222222222222223,59.86443136713363
2,linear_qr__ens_baseline,0.9,0.9597222222222223,74.95720456574907
2,linear_qr__ens_baseline,0.95,0.9833333333333333,90.28603695610863
2,linear_qr__ens_baseline,0.98,0.9916666666666667,111.04543499839201
2,lightgbm__ens_baseline,0.5,0.65,32.93661831624227
2,lightgbm__ens_baseline,0.8,0.9097222222222222,58.090436555354124
2,lightgbm__ens_baseline,0.9,0.9555555555555556,70.79441609403689
2,lightgbm__ens_baseline,0.95,0.9791666666666666,84.24206985528674
2,lightgbm__ens_baseline,0.98,0.9930555555555556,103.39565946997423
2,xgboost__ens_baseline,0.5,0.6791666666666667,34.13728643629286
2,xgboost__ens_baseline,0.8,0.9319444444444445,62.73163911586337
2,xgboost__ens_baseline,0.9,0.9555555555555556,74.50997626304624
2,xgboost__ens_baseline,0.95,0.9819444444444444,87.33194402707417
2,xgboost__ens_baseline,0.98,0.9902777777777778,102.04353926438225
3,benchmark_official,0.5,0.0013440860215053765,0.0
3,benchmark_official,0.8,0.0013440860215053765,0.0
3,benchmark_official,0.9,0.0013440860215053765,0.0
3,benchmark_official,0.95,0.0013440860215053765,0.0
3,benchmark_official,0.98,0.0013440860215053765,0.0
3,baseline_empirical_climatology,0.5,0.13709677419354838,47.47244623655915
3,baseline_empirical_climatology,0.8,0.27956989247311825,81.21119623655915
3,baseline_empirical_climatology,0.9,0.4274193548387097,96.1456451612903
3,baseline_empirical_climatology,0.95,0.4946236559139785,103.65123521505376
3,baseline_empirical_climatology,0.98,0.6411290322580645,116.37109946236559
3,linear_qr,0.5,0.18951612903225806,50.47696638178947
3,linear_qr,0.8,0.3709677419354839,80.97867529676368
3,linear_qr,0.9,0.5833333333333334,99.35954850097599
3,linear_qr,0.95,0.7634408602150538,115.40558384038931
3,linear_qr,0.98,0.8790322580645161,137.861080809411
3,linear_qr__residual,0.5,0.18951612903225806,48.78793163860435
3,linear_qr__residual,0.8,0.42876344086021506,83.43099877115787
3,linear_qr__residual,0.9,0.6182795698924731,102.84039991942696
3,linear_qr__residual,0.95,0.7755376344086021,118.35691984427334
3,linear_qr__residual,0.98,0.8978494623655914,142.12792457201428
3,lightgbm,0.5,0.19623655913978494,44.95662675214264
3,lightgbm,0.8,0.3924731182795699,79.01646678549679
3,lightgbm,0.9,0.5147849462365591,93.70877564568946
3,lightgbm,0.95,0.6263440860215054,102.6287801094957
3,lightgbm,0.98,0.7513440860215054,117.86920444284894
3,lightgbm__residual,0.5,0.15053763440860216,36.335976216066534
3,lightgbm__residual,0.8,0.2916666666666667,70.61333153369407
3,lightgbm__residual,0.9,0.4529569892473118,83.66588093225505
3,lightgbm__residual,0.95,0.5806451612903226,99.39743927744833
3,lightgbm__residual,0.98,0.771505376344086,121.18078931934559
3,xgboost,0.5,0.22580645161290322,47.63642348012617
3,xgboost,0.8,0.43413978494623656,82.43773328104326
3,xgboost,0.9,0.6048387096774194,100.8700158929312
3,xgboost,0.95,0.6881720430107527,110.1989889589262
3,xgboost,0.98,0.7755376344086021,121.30836691907658
3,xgboost__residual,0.5,0.18951612903225806,43.32147107365471
3,xgboost__residual,0.8,0.4489247311827957,85.58328195541135
3,xgboost__residual,0.9,0.6639784946236559,102.66966797972238
3,xgboost__residual,0.95,0.7486559139784946,113.37836131314651
3,xgboost__residual,0.98,0.8400537634408602,130.10574444904123
3,linear_qr__ens_baseline,0.5,0.15456989247311828,48.9747063091743
3,linear_qr__ens_baseline,0.8,0.3225806451612903,81.09493576666141
3,linear_qr__ens_baseline,0.9,0.48118279569892475,97.75259683113316
3,linear_qr__ens_baseline,0.95,0.6397849462365591,109.52840952772155
3,linear_qr__ens_baseline,0.98,0.8064516129032258,127.11609013588829
3,lightgbm__ens_baseline,0.5,0.15591397849462366,46.21453649435088
3,lightgbm__ens_baseline,0.8,0.34408602150537637,80.11383151102797
3,lightgbm__ens_baseline,0.9,0.45698924731182794,94.92721040348988
3,lightgbm__ens_baseline,0.95,0.5443548387096774,103.14000766227474
3,lightgbm__ens_baseline,0.98,0.7002688172043011,117.12015195260726
3,xgboost__ens_baseline,0.5,0.1639784946236559,47.55443485834265
3,xgboost__ens_baseline,0.8,0.34946236559139787,81.82446475880121
3,xgboost__ens_baseline,0.9,0.4932795698924731,98.50783052711076
3,xgboost__ens_baseline,0.95,0.5994623655913979,106.92511208698998
3,xgboost__ens_baseline,0.98,0.717741935483871,118.83973319072108
4,benchmark_official,0.5,0.002688172043010753,0.0
4,benchmark_official,0.8,0.002688172043010753,0.0
4,benchmark_official,0.9,0.002688172043010753,0.0
4,benchmark_official,0.95,0.002688172043010753,0.0
4,benchmark_official,0.98,0.002688172043010753,0.0
4,baseline_empirical_climatology,0.5,0.49193548387096775,63.53447580645162
4,baseline_empirical_climatology,0.8,0.8561827956989247,118.20206989247312
4,baseline_empirical_climatology,0.9,0.9408602150537635,139.7812970430107
4,baseline_empirical_climatology,0.95,0.9650537634408602,148.64955645161288
4,baseline_empirical_climatology,0.98,0.9946236559139785,160.65024865591397
4,linear_qr,0.5,0.625,68.60150477321329
4,linear_qr,0.8,0.8803763440860215,118.32092519327051
4,linear_qr,0.9,0.9475806451612904,139.20442831658923
4,linear_qr,0.95,0.9811827956989247,154.3287453753978
4,linear_qr,0.98,1.0,176.73478755350695
4,linear_qr__residual,0.5,0.6586021505376344,69.12769567502104
4,linear_qr__residual,0.8,0.8817204301075269,116.62548649064625
4,linear_qr__residual,0.9,0.9650537634408602,140.71512633202744
4,linear_qr__residual,0.95,0.9825268817204301,157.98269552582386
4,linear_qr__residual,0.98,0.9932795698924731,184.9857794714887
4,lightgbm,0.5,0.6182795698924731,59.23825899008827
4,lightgbm,0.8,0.8776881720430108,107.34304513064583
4,lightgbm,0.9,0.9395161290322581,129.86497360788118
4,lightgbm,0.95,0.9556451612903226,137.20803756765878
4,lightgbm,0.98,0.9825268817204301,151.50107141171873
4,lightgbm__residual,0.5,0.5309139784946236,48.474072077009524
4,lightgbm__residual,0.8,0.8454301075268817,92.28336555352122
4,lightgbm__residual,0.9,0.9126344086021505,111.5443718317448
4,lightgbm__residual,0.95,0.9368279569892473,125.10832003730891
4,lightgbm__residual,0.98,0.9610215053763441,142.62028909972378
4,xgboost,0.5,0.7083333333333334,74.42314383804157
4,xgboost,0.8,0.8844086021505376,110.95158587219895
4,xgboost,0.9,0.9301075268817204,129.15589640217442
4,xgboost,0.95,0.9690860215053764,141.70202071350536
4,xgboost,0.98,0.9932795698924731,156.03095260743171
4,xgboost__residual,0.5,0.6263440860215054,57.46931268340878
4,xgboost__residual,0.8,0.8870967741935484,104.85610854625702
4,xgboost__residual,0.9,0.9247311827956989,119.99128260407396
4,xgboost__residual,0.95,0.9583333333333334,135.81528523062292
4,xgboost__residual,0.98,0.9825268817204301,154.53345275950687
4,linear_qr__ens_baseline,0.5,0.581989247311828,66.06799028983245
4,linear_qr__ens_baseline,0.8,0.8736559139784946,118.26149754287181
4,linear_qr__ens_baseline,0.9,0.9516129032258065,139.49286267979997
4,linear_qr__ens_baseline,0.95,0.9798387096774194,151.48915091350534
4,linear_qr__ens_baseline,0.98,1.0,168.69251810471044
4,lightgbm__ens_baseline,0.5,0.5793010752688172,61.38636739826993
4,lightgbm__ens_baseline,0.8,0.8682795698924731,112.77255751155947
4,lightgbm__ens_baseline,0.9,0.9395161290322581,134.82313532544595
4,lightgbm__ens_baseline,0.95,0.956989247311828,142.92879700963582
4,lightgbm__ens_baseline,0.98,0.9946236559139785,156.07566003381635
4,xgboost__ens_baseline,0.5,0.6196236559139785,68.9788098222466
4,xgboost__ens_baseline,0.8,0.8776881720430108,114.57682788233603
4,xgboost__ens_baseline,0.9,0.9395161290322581,134.46859672259257
4,xgboost__ens_baseline,0.95,0.9704301075268817,145.17578858255914
4,xgboost__ens_baseline,0.98,0.9973118279569892,158.34060063167283
5,benchmark_official,0.5,0.0,0.0
5,benchmark_official,0.8,0.0,0.0
5,benchmark_official,0.9,0.0,0.0
5,benchmark_official,0.95,0.0,0.0
5,benchmark_official,0.98,0.0,0.0
5,baseline_empirical_climatology,0.5,0.4895833333333333,50.09393601190476
5,baseline_empirical_climatology,0.8,0.7872023809523809,85.39577380952382
5,baseline_empirical_climatology,0.9,0.8601190476190477,101.74254464285713
5,baseline_empirical_climatology,0.95,0.9107142857142857,116.92322321428566
5,baseline_empirical_climatology,0.98,0.9553571428571429,133.97750148809524
5,linear_qr,0.5,0.43898809523809523,51.43425964352863
5,linear_qr,0.8,0.6934523809523809,85.83804847039808
5,linear_qr,0.9,0.7738095238095238,104.46979424905437
5,linear_qr,0.95,0.7991071428571429,118.44763845777477
5,linear_qr,0.98,0.8318452380952381,143.37886121661802
5,linear_qr__residual,0.5,0.45982142857142855,50.37790578425126
5,linear_qr__residual,0.8,0.6919642857142857,86.2173347169834
5,linear_qr__residual,0.9,0.7872023809523809,106.46540314605751
5,linear_qr__residual,0.95,0.8511904761904762,121.38082891331008
5,linear_qr__residual,0.98,0.9166666666666666,144.23916283159184
5,lightgbm,0.5,0.4330357142857143,51.47901824823126
5,lightgbm,0.8,0.6830357142857143,84.61818041927475
5,lightgbm,0.9,0.7306547619047619,93.8836243047817
5,lightgbm,0.95,0.7767857142857143,105.2644845567021
5,lightgbm,0.98,0.8422619047619048,123.05078856068663
5,lightgbm__residual,0.5,0.36160714285714285,43.7048702480385
5,lightgbm__residual,0.8,0.6413690476190477,80.16724587155753
5,lightgbm__residual,0.9,0.7663690476190477,104.54711817735642
5,lightgbm__residual,0.95,0.8080357142857143,112.80453403829138
5,lightgbm__residual,0.98,0.9166666666666666,131.870642770645
5,xgboost,0.5,0.4419642857142857,53.858856995900474
5,xgboost,0.8,0.7038690476190477,88.81338078635079
5,xgboost,0.9,0.7738095238095238,104.3196955635434
5,xgboost,0.95,0.8050595238095238,117.57093281972976
5,xgboost,0.98,0.8482142857142857,141.21043432326545
5,xgboost__residual,0.5,0.3794642857142857,50.50840224593966
5,xgboost__residual,0.8,0.6994047619047619,89.62028984512601
5,xgboost__residual,0.9,0.7485119047619048,104.9350052788144
5,xgboost__residual,0.95,0.7991071428571429,121.1281537933955
5,xgboost__residual,0.98,0.8779761904761905,135.94133385306313
5,linear_qr__ens_baseline,0.5,0.45089285714285715,50.76409782771669
5,linear_qr__ens_baseline,0.8,0.7380952380952381,85.61691113996095
5,linear_qr__ens_baseline,0.9,0.8184523809523809,103.10616944595574
5,linear_qr__ens_baseline,0.95,0.8645833333333334,117.68543083603022
5,linear_qr__ens_baseline,0.98,0.9196428571428571,138.6781813523566
5,lightgbm__ens_baseline,0.5,0.46130952380952384,50.786477130068015
5,lightgbm__ens_baseline,0.8,0.7306547619047619,85.00697711439928
5,lightgbm__ens_baseline,0.9,0.8050595238095238,97.81308447381943
5,lightgbm__ens_baseline,0.95,0.8571428571428571,111.09385388549387
5,lightgbm__ens_baseline,0.98,0.9166666666666666,128.51414502439093
5,xgboost__ens_baseline,0.5,0.4642857142857143,51.97639650390262
5,xgboost__ens_baseline,0.8,0.7425595238095238,87.10457729793731
5,xgboost__ens_baseline,0.9,0.8229166666666666,103.03112010320027
5,xgboost__ens_baseline,0.95,0.8690476190476191,117.24707801700771
5,xgboost__ens_baseline,0.98,0.9196428571428571,137.59396790568036
6,benchmark_official,0.5,0.004032258064516129,0.0
6,benchmark_official,0.8,0.004032258064516129,0.0
6,benchmark_official,0.9,0.004032258064516129,0.0
6,benchmark_official,0.95,0.004032258064516129,0.0
6,benchmark_official,0.98,0.004032258064516129,0.0
6,baseline_empirical_climatology,0.5,0.5443548387096774,38.16659946236559
6,baseline_empirical_climatology,0.8,0.7970430107526881,67.2348252688172
6,baseline_empirical_climatology,0.9,0.9126344086021505,81.31246639784943
6,baseline_empirical_climatology,0.95,0.9623655913978495,92.17444623655908
6,baseline_empirical_climatology,0.98,0.9852150537634409,125.64532930107508
6,linear_qr,0.5,0.4153225806451613,37.477234507093186
6,linear_qr,0.8,0.6975806451612904,66.94578101964488
6,linear_qr,0.9,0.7903225806451613,83.07789294233794
6,linear_qr,0.95,0.8494623655913979,95.25298472241411
6,linear_qr,0.98,0.9206989247311828,118.91277364700703
6,linear_qr__residual,0.5,0.4368279569892473,39.06015014737596
6,linear_qr__residual,0.8,0.7123655913978495,66.85074769131006
6,linear_qr__residual,0.9,0.8440860215053764,84.57107499506922
6,linear_qr__residual,0.95,0.8884408602150538,98.33977064346642
6,linear_qr__residual,0.98,0.9610215053763441,124.14224487630322
6,lightgbm,0.5,0.5013440860215054,38.73503146542581
6,lightgbm,0.8,0.678763440860215,62.871835925415304
6,lightgbm,0.9,0.7862903225806451,74.93592772993657
6,lightgbm,0.95,0.8844086021505376,89.59017042249238
6,lightgbm,0.98,0.9489247311827957,112.90788233103783
6,lightgbm__residual,0.5,0.45564516129032256,30.38328051353882
6,lightgbm__residual,0.8,0.7123655913978495,58.8378144331247
6,lightgbm__residual,0.9,0.8239247311827957,75.05649655738324
6,lightgbm__residual,0.95,0.9166666666666666,90.09477052776104
6,lightgbm__residual,0.98,0.9731182795698925,107.54445899807455
6,xgboost,0.5,0.478494623655914,41.74817827696441
6,xgboost,0.8,0.6948924731182796,67.66369186934604
6,xgboost,0.9,0.7661290322580645,80.6235172825475
6,xgboost,0.95,0.8776881720430108,95.41724699628821
6,xgboost,0.98,0.9475806451612904,116.51353331535093
6,xgboost__residual,0.5,0.5362903225806451,37.27725186110825
6,xgboost__residual,0.8,0.7365591397849462,61.29336365320349
6,xgboost__residual,0.9,0.8776881720430108,82.4852575980207
6,xgboost__residual,0.95,0.9341397849462365,96.67617910331295
6,xgboost__residual,0.98,0.9731182795698925,117.10985202430398
6,linear_qr__ens_baseline,0.5,0.5228494623655914,37.82191698472939
6,linear_qr__ens_baseline,0.8,0.7580645161290323,67.09030314423106
6,linear_qr__ens_baseline,0.9,0.8521505376344086,82.1951796700937
6,linear_qr__ens_baseline,0.95,0.9153225806451613,93.71371547948658
6,linear_qr__ens_baseline,0.98,0.9771505376344086,122.27905147404105
6,lightgbm__ens_baseline,0.5,0.5483870967741935,38.45081546389571
6,lightgbm__ens_baseline,0.8,0.7553763440860215,65.05333059711626
6,lightgbm__ens_baseline,0.9,0.8481182795698925,78.124197063893
6,lightgbm__ens_baseline,0.95,0.9354838709677419,90.88230832952573
6,lightgbm__ens_baseline,0.98,0.9825268817204301,119.27660581605647
6,xgboost__ens_baseline,0.5,0.5483870967741935,39.957388869665
6,xgboost__ens_baseline,0.8,0.7688172043010753,67.44925856908162
6,xgboost__ens_baseline,0.9,0.8615591397849462,80.96799184019847
6,xgboost__ens_baseline,0.95,0.9327956989247311,93.79584661642366
6,xgboost__ens_baseline,0.98,0.9825268817204301,121.079431308213
7,benchmark_official,0.5,0.006944444444444444,0.0
7,benchmark_official,0.8,0.006944444444444444,0.0
7,benchmark_official,0.9,0.006944444444444444,0.0
7,benchmark_official,0.95,0.006944444444444444,0.0
7,benchmark_official,0.98,0.006944444444444444,0.0
7,baseline_empirical_climatology,0.5,0.5986111111111111,17.769166666666667
7,baseline_empirical_climatology,0.8,0.8152777777777778,37.10968055555555
7,baseline_empirical_climatology,0.9,0.8805555555555555,50.693826388888866
7,baseline_empirical_climatology,0.95,0.9194444444444444,58.61930694444444
7,baseline_empirical_climatology,0.98,0.9680555555555556,71.4821027777778
7,linear_qr,0.5,0.3236111111111111,22.82429913124229
7,linear_qr,0.8,0.5875,41.355971654257345
7,linear_qr,0.9,0.7333333333333333,54.87954290389167
7,linear_qr,0.95,0.8402777777777778,71.2180481972292
7,linear_qr,0.98,0.9611111111111111,96.78022908707494
7,linear_qr__residual,0.5,0.3388888888888889,22.37639701565746
7,linear_qr__residual,0.8,0.6,41.90960357790267
7,linear_qr__residual,0.9,0.7555555555555555,54.774173920787625
7,linear_qr__residual,0.95,0.8527777777777777,72.66384572861449
7,linear_qr__residual,0.98,0.9208333333333333,98.2194809708148
7,lightgbm,0.5,0.4791666666666667,27.07995809179184
7,lightgbm,0.8,0.7875,47.914278474360465
7,lightgbm,0.9,0.85,51.48143761379209
7,lightgbm,0.95,0.9138888888888889,56.354699697539644
7,lightgbm,0.98,0.9666666666666667,64.32081487740254
7,lightgbm__residual,0.5,0.5069444444444444,15.853320387027697
7,lightgbm__residual,0.8,0.7402777777777778,36.696309371132664
7,lightgbm__residual,0.9,0.8805555555555555,53.06611727965319
7,lightgbm__residual,0.95,0.9458333333333333,61.145174132507215
7,lightgbm__residual,0.98,0.9902777777777778,80.76778617236066
7,xgboost,0.5,0.5527777777777778,28.74601198832194
7,xgboost,0.8,0.7861111111111111,53.94440611733331
7,xgboost,0.9,0.8902777777777777,62.4584760983785
7,xgboost,0.95,0.9625,68.4623960883529
7,xgboost,0.98,0.9944444444444445,81.5521430015564
7,xgboost__residual,0.5,0.475,17.10908893214332
7,xgboost__residual,0.8,0.7569444444444444,42.61052690711286
7,xgboost__residual,0.9,0.8625,52.4275452716483
7,xgboost__residual,0.95,0.9388888888888889,60.00425574282805
7,xgboost__residual,0.98,0.9833333333333333,76.9699942390124
7,linear_qr__ens_baseline,0.5,0.4222222222222222,20.296732898954478
7,linear_qr__ens_baseline,0.8,0.7722222222222223,39.232826104906444
7,linear_qr__ens_baseline,0.9,0.8958333333333334,52.78668464639027
7,linear_qr__ens_baseline,0.95,0.9638888888888889,64.91867757083682
7,linear_qr__ens_baseline,0.98,1.0,84.13116593242637
7,lightgbm__ens_baseline,0.5,0.5458333333333333,22.424562379229258
7,lightgbm__ens_baseline,0.8,0.8388888888888889,42.51197951495801
7,lightgbm__ens_baseline,0.9,0.8972222222222223,51.08763200134048
7,lightgbm__ens_baseline,0.95,0.9277777777777778,57.487003320992045
7,lightgbm__ens_baseline,0.98,0.9666666666666667,67.90145882759018
7,xgboost__ens_baseline,0.5,0.5694444444444444,23.257589327494305
7,xgboost__ens_baseline,0.8,0.8458333333333333,45.52704333644443
7,xgboost__ens_baseline,0.9,0.9208333333333333,56.57615124363369
7,xgboost__ens_baseline,0.95,0.9472222222222222,63.540851516398675
7,xgboost__ens_baseline,0.98,0.9944444444444445,76.51712288966709
8,benchmark_official,0.5,0.002688172043010753,0.0
8,benchmark_official,0.8,0.002688172043010753,0.0
8,benchmark_official,0.9,0.002688172043010753,0.0
8,benchmark_official,0.95,0.002688172043010753,0.0
8,benchmark_official,0.98,0.002688172043010753,0.0
8,baseline_empirical_climatology,0.5,0.5349462365591398,27.400907258064517
8,baseline_empirical_climatology,0.8,0.7163978494623656,48.73404569892474
8,baseline_empirical_climatology,0.9,0.7836021505376344,59.05848118279568
8,baseline_empirical_climatology,0.95,0.8024193548387096,64.14358602150537
8,baseline_empirical_climatology,0.98,0.8266129032258065,72.22782258064515
8,linear_qr,0.5,0.29435483870967744,27.350636694201146
8,linear_qr,0.8,0.5134408602150538,49.61793510055401
8,linear_qr,0.9,0.646505376344086,62.49105760044303
8,linear_qr,0.95,0.7405913978494624,77.19157611513974
8,linear_qr,0.98,0.875,97.71989683245441
8,linear_qr__residual,0.5,0.28091397849462363,26.046317388815485
8,linear_qr__residual,0.8,0.5188172043010753,50.49469932903095
8,linear_qr__residual,0.9,0.6384408602150538,63.97061022664267
8,linear_qr__residual,0.95,0.7365591397849462,79.1796850843029
8,linear_qr__residual,0.98,0.831989247311828,100.43701159105062
8,lightgbm,0.5,0.3548387096774194,29.33819541377117
8,lightgbm,0.8,0.5793010752688172,55.577345290361706
8,lightgbm,0.9,0.7002688172043011,66.59012132594368
8,lightgbm,0.95,0.7889784946236559,73.91768824376398
8,lightgbm,0.98,0.853494623655914,88.22361522317178
8,lightgbm__residual,0.5,0.40053763440860213,26.903458714285968
8,lightgbm__residual,0.8,0.6223118279569892,47.40783296201808
8,lightgbm__residual,0.9,0.771505376344086,59.06056811322675
8,lightgbm__residual,0.95,0.831989247311828,68.63787729098289
8,lightgbm__residual,0.98,0.8911290322580645,81.7310125636904
8,xgboost,0.5,0.41397849462365593,32.76352288646083
8,xgboost,0.8,0.6048387096774194,54.667196478894965
8,xgboost,0.9,0.7096774193548387,66.01423606052194
8,xgboost,0.95,0.793010752688172,72.5586072176588
8,xgboost,0.98,0.8615591397849462,85.3369528247464
8,xgboost__residual,0.5,0.49731182795698925,33.498549406887385
8,xgboost__residual,0.8,0.6438172043010753,48.18408343035688
8,xgboost__residual,0.9,0.7553763440860215,60.220236333467625
8,xgboost__residual,0.95,0.8172043010752689,66.86251978250388
8,xgboost__residual,0.98,0.8870967741935484,81.76185996942623
8,linear_qr__ens_baseline,0.5,0.3521505376344086,27.375771976132828
8,linear_qr__ens_baseline,0.8,0.6935483870967742,49.175990399739376
8,linear_qr__ens_baseline,0.9,0.7795698924731183,60.77476939161936
8,linear_qr__ens_baseline,0.95,0.842741935483871,70.66758106832256
8,linear_qr__ens_baseline,0.98,0.9153225806451613,84.97385970654979
8,lightgbm__ens_baseline,0.5,0.4018817204301075,28.369551335917848
8,lightgbm__ens_baseline,0.8,0.7244623655913979,52.155695494643226
8,lightgbm__ens_baseline,0.9,0.7983870967741935,62.82430125436968
8,lightgbm__ens_baseline,0.95,0.8387096774193549,69.03063713263468
8,lightgbm__ens_baseline,0.98,0.8830645161290323,80.22571890190846
8,xgboost__ens_baseline,0.5,0.45698924731182794,30.082215072262667
8,xgboost__ens_baseline,0.8,0.7231182795698925,51.70062108890985
8,xgboost__ens_baseline,0.9,0.793010752688172,62.53635862165881
8,xgboost__ens_baseline,0.95,0.8387096774193549,68.3510966195821
8,xgboost__ens_baseline,0.98,0.8897849462365591,78.78238770269577
9,benchmark_official,0.5,0.0,0.0
9,benchmark_official,0.8,0.0,0.0
9,benchmark_official,0.9,0.0,0.0
9,benchmark_official,0.95,0.0,0.0
9,benchmark_official,0.98,0.0,0.0
9,baseline_empirical_climatology,0.5,0.5930555555555556,43.167569444444446
9,baseline_empirical_climatology,0.8,0.9055555555555556,76.53979166666667
9,baseline_empirical_climatology,0.9,1.0,105.26829166666667
9,baseline_empirical_climatology,0.95,1.0,114.82603472222222
9,baseline_empirical_climatology,0.98,1.0,129.85824027777775
9,linear_qr,0.5,0.6236111111111111,44.817417066996285
9,linear_qr,0.8,0.9083333333333333,78.21216252620918
9,linear_qr,0.9,0.9694444444444444,93.68558359491855
9,linear_qr,0.95,0.9916666666666667,109.24017296066903
9,linear_qr,0.98,0.9972222222222222,128.35412240124512
9,linear_qr__residual,0.5,0.65,44.37352263788271
9,linear_qr__residual,0.8,0.9125,77.94255403159427
9,linear_qr__residual,0.9,0.9527777777777777,94.69708708918043
9,linear_qr__residual,0.95,0.9833333333333333,112.54347738116728
9,linear_qr__residual,0.98,1.0,133.06030162493832
9,lightgbm,0.5,0.5930555555555556,40.18302436152473
9,lightgbm,0.8,0.9166666666666666,80.8901325115539
9,lightgbm,0.9,0.9847222222222223,103.60300500392522
9,lightgbm,0.95,0.9944444444444445,111.74479967250998
9,lightgbm,0.98,0.9986111111111111,128.49173449631886
9,lightgbm__residual,0.5,0.6291666666666667,43.804667219674656
9,lightgbm__residual,0.8,0.8847222222222222,69.72015519854702
9,lightgbm__residual,0.9,0.9638888888888889,87.59332077760287
9,lightgbm__residual,0.95,0.9875,98.94022872698774
9,lightgbm__residual,0.98,1.0,118.20689463898329
9,xgboost,0.5,0.6166666666666667,45.054765786065
9,xgboost,0.8,0.9472222222222222,87.50142125023736
9,xgboost,0.9,0.9875,108.41546114815606
9,xgboost,0.95,0.9930555555555556,117.43985930195561
9,xgboost,0.98,1.0,134.3112507502238
9,xgboost__residual,0.5,0.6611111111111111,45.966988908251125
9,xgboost__residual,0.8,0.9333333333333333,80.81529788838492
9,xgboost__residual,0.9,0.9694444444444444,96.9687484741211
9,xgboost__residual,0.95,0.9875,106.99801020445648
9,xgboost__residual,0.98,0.9958333333333333,120.3953348769082
9,linear_qr__ens_baseline,0.5,0.6069444444444444,43.99249325572036
9,linear_qr__ens_baseline,0.8,0.9208333333333333,77.37597709643792
9,linear_qr__ens_baseline,0.9,1.0,99.4769376307926
9,linear_qr__ens_baseline,0.95,1.0,112.03310384144562
9,linear_qr__ens_baseline,0.98,1.0,129.10618133951144
9,lightgbm__ens_baseline,0.5,0.5708333333333333,41.67529690298459
9,lightgbm__ens_baseline,0.8,0.9305555555555556,78.71496208911029
9,lightgbm__ens_baseline,0.9,0.9972222222222222,104.43564833529594
9,lightgbm__ens_baseline,0.95,1.0,113.2854171973661
9,lightgbm__ens_baseline,0.98,1.0,129.17498738704828
9,xgboost__ens_baseline,0.5,0.5958333333333333,44.11116761525473
9,xgboost__ens_baseline,0.8,0.9472222222222222,82.02060645845201
9,xgboost__ens_baseline,0.9,1.0,106.84187640741138
9,xgboost__ens_baseline,0.95,1.0,116.13294701208892
9,xgboost__ens_baseline,0.98,1.0,132.08474551400076
10,benchmark_official,0.5,0.005376344086021506,0.0
10,benchmark_official,0.8,0.005376344086021506,0.0
10,benchmark_official,0.9,0.005376344086021506,0.0
10,benchmark_official,0.95,0.005376344086021506,0.0
10,benchmark_official,0.98,0.005376344086021506,0.0
10,baseline_empirical_climatology,0.5,0.3400537634408602,29.5432123655914
10,baseline_empirical_climatology,0.8,0.5873655913978495,58.54307795698925
10,baseline_empirical_climatology,0.9,0.7190860215053764,74.66462365591394
10,baseline_empirical_climatology,0.95,0.8077956989247311,86.22459811827954
10,baseline_empirical_climatology,0.98,0.8870967741935484,101.62392876344087
10,linear_qr,0.5,0.4529569892473118,37.56193455466396
10,linear_qr,0.8,0.6935483870967742,63.504577805559116
10,linear_qr,0.9,0.8266129032258065,81.03545563530727
10,linear_qr,0.95,0.9166666666666666,99.79489225337899
10,linear_qr,0.98,0.9771505376344086,119.14623292114098
10,linear_qr__residual,0.5,0.43413978494623656,35.98818560701589
10,linear_qr__residual,0.8,0.7110215053763441,65.55138423778277
10,linear_qr__residual,0.9,0.8306451612903226,81.53827703351459
10,linear_qr__residual,0.95,0.9314516129032258,100.899515810324
10,linear_qr__residual,0.98,0.9865591397849462,119.51327408130841
10,lightgbm,0.5,0.3387096774193548,29.353954956903923
10,lightgbm,0.8,0.6801075268817204,63.00886432928741
10,lightgbm,0.9,0.8077956989247311,84.01164809907944
10,lightgbm,0.95,0.8588709677419355,97.97012566516413
10,lightgbm,0.98,0.918010752688172,125.66877708830513
10,lightgbm__residual,0.5,0.47446236559139787,37.768148488887455
10,lightgbm__residual,0.8,0.6975806451612904,61.491908927479585
10,lightgbm__residual,0.9,0.7755376344086021,74.0277393886137
10,lightgbm__residual,0.95,0.8830645161290323,87.17592140669372
10,lightgbm__residual,0.98,0.9986559139784946,113.45142482368813
10,xgboost,0.5,0.44489247311827956,37.4725856473369
10,xgboost,0.8,0.7137096774193549,68.44647681328559
10,xgboost,0.9,0.8225806451612904,88.25839430286038
10,xgboost,0.95,0.8897849462365591,103.86572928069741
10,xgboost,0.98,0.9637096774193549,127.83553744900611
10,xgboost__residual,0.5,0.44086021505376344,36.09306760436745
10,xgboost__residual,0.8,0.6774193548387096,63.49069014159582
10,xgboost__residual,0.9,0.8104838709677419,80.08676646986315
10,xgboost__residual,0.95,0.9112903225806451,90.69304720603438
10,xgboost__residual,0.98,1.0,108.91114585373991
10,linear_qr__ens_baseline,0.5,0.3978494623655914,33.55257346012768
10,linear_qr__ens_baseline,0.8,0.6760752688172043,61.02382788127418
10,linear_qr__ens_baseline,0.9,0.7916666666666666,77.85003964561062
10,linear_qr__ens_baseline,0.95,0.8897849462365591,93.00974518582927
10,linear_qr__ens_baseline,0.98,0.9516129032258065,110.38508084229092
10,lightgbm__ens_baseline,0.5,0.3467741935483871,29.44858366124766
10,lightgbm__ens_baseline,0.8,0.6505376344086021,60.77597114313833
10,lightgbm__ens_baseline,0.9,0.7728494623655914,79.33813587749668
10,lightgbm__ens_baseline,0.95,0.8454301075268817,92.09736189172185
10,lightgbm__ens_baseline,0.98,0.9126344086021505,113.646352925873
10,xgboost__ens_baseline,0.5,0.3870967741935484,33.50789900646415
10,xgboost__ens_baseline,0.8,0.6720430107526881,63.49477738513742
10,xgboost__ens_baseline,0.9,0.7809139784946236,81.46150897938716
10,xgboost__ens_baseline,0.95,0.8561827956989247,95.04516369948847
10,xgboost__ens_baseline,0.98,0.9341397849462365,114.72973310622348
11,benchmark_official,0.5,0.0,0.0
11,benchmark_official,0.8,0.0,0.0
11,benchmark_official,0.9,0.0,0.0
11,benchmark_official,0.95,0.0,0.0
11,benchmark_official,0.98,0.0,0.0
11,baseline_empirical_climatology,0.5,0.4798387096774194,32.592002688172045
11,baseline_empirical_climatology,0.8,0.6948924731182796,57.2245430107527
11,baseline_empirical_climatology,0.9,0.7688172043010753,72.79645161290323
11,baseline_empirical_climatology,0.95,0.8118279569892473,83.72963709677418
11,baseline_empirical_climatology,0.98,0.8508064516129032,99.32695161290323
11,linear_qr,0.5,0.4327956989247312,35.33322119195631
11,linear_qr,0.8,0.717741935483871,61.9886458027531
11,linear_qr,0.9,0.8024193548387096,77.99229313002968
11,linear_qr,0.95,0.8373655913978495,93.56974970232595
11,linear_qr,0.98,0.8548387096774194,119.99545369510416
11,linear_qr__residual,0.5,0.43951612903225806,36.04335687313295
11,linear_qr__residual,0.8,0.7473118279569892,62.56555426318531
11,linear_qr__residual,0.9,0.8198924731182796,78.4478281294349
11,linear_qr__residual,0.95,0.8454301075268817,93.23328100289815
11,linear_qr__residual,0.98,0.8615591397849462,125.87962759457403
11,lightgbm,0.5,0.4838709677419355,29.974633040028582
11,lightgbm,0.8,0.7405913978494624,58.77193000906398
11,lightgbm,0.9,0.8077956989247311,76.55865487901373
11,lightgbm,0.95,0.8293010752688172,88.48491785040241
11,lightgbm,0.98,0.8602150537634409,109.59967933382836
11,lightgbm__residual,0.5,0.385752688172043,24.53776209851481
11,lightgbm__residual,0.8,0.706989247311828,55.45272947227012
11,lightgbm__residual,0.9,0.8104838709677419,69.05525681537682
11,lightgbm__residual,0.95,0.8481182795698925,86.72505340748219
11,lightgbm__residual,0.98,0.8615591397849462,112.11047856333856
11,xgboost,0.5,0.47043010752688175,33.20206770332911
11,xgboost,0.8,0.7338709677419355,63.79716152273198
11,xgboost,0.9,0.8252688172043011,85.41905853312502
11,xgboost,0.95,0.8508064516129032,95.17936602288248
11,xgboost,0.98,0.8629032258064516,110.17216079465804
11,xgboost__residual,0.5,0.4032258064516129,28.687926677926892
11,xgboost__residual,0.8,0.7056451612903226,58.10039638319323
11,xgboost__residual,0.9,0.8145161290322581,73.16264282887981
11,xgboost__residual,0.95,0.842741935483871,89.70145784954018
11,xgboost__residual,0.98,0.8548387096774194,108.52272738436217
11,linear_qr__ens_baseline,0.5,0.47446236559139787,33.96261194006418
11,linear_qr__ens_baseline,0.8,0.7258064516129032,59.60659440675289
11,linear_qr__ens_baseline,0.9,0.8198924731182796,75.39437237146646
11,linear_qr__ens_baseline,0.95,0.8413978494623656,88.64969339955007
11,linear_qr__ens_baseline,0.98,0.8575268817204301,109.6612026540037
11,lightgbm__ens_baseline,0.5,0.48655913978494625,31.283317864100315
11,lightgbm__ens_baseline,0.8,0.7217741935483871,57.99823650990833
11,lightgbm__ens_baseline,0.9,0.7983870967741935,74.67755324595848
11,lightgbm__ens_baseline,0.95,0.8279569892473119,86.1072774735883
11,lightgbm__ens_baseline,0.98,0.8615591397849462,104.4633154733658
11,xgboost__ens_baseline,0.5,0.4879032258064516,32.897035195750576
11,xgboost__ens_baseline,0.8,0.7244623655913979,60.51085226674233
11,xgboost__ens_baseline,0.9,0.8104838709677419,79.10775507301412
11,xgboost__ens_baseline,0.95,0.842741935483871,89.45450155982834
11,xgboost__ens_baseline,0.98,0.8615591397849462,104.74955620378064
12,benchmark_official,0.5,0.002777777777777778,0.0
12,benchmark_official,0.8,0.002777777777777778,0.0
12,benchmark_official,0.9,0.002777777777777778,0.0
12,benchmark_official,0.95,0.002777777777777778,0.0
12,benchmark_official,0.98,0.002777777777777778,0.0
12,baseline_empirical_climatology,0.5,0.6069444444444444,32.92180555555555
12,baseline_empirical_climatology,0.8,0.8097222222222222,58.960472222222236
12,baseline_empirical_climatology,0.9,0.8791666666666667,71.80231249999999
12,baseline_empirical_climatology,0.95,0.8916666666666667,79.21706249999998
12,baseline_empirical_climatology,0.98,0.9333333333333333,92.81883055555554
12,linear_qr,0.5,0.43472222222222223,36.254890956197656
12,linear_qr,0.8,0.6638888888888889,60.094108138581205
12,linear_qr,0.9,0.7402777777777778,75.13262513805797
12,linear_qr,0.95,0.8180555555555555,90.72163813973431
12,linear_qr,0.98,0.9,114.72730498192408
12,linear_qr__residual,0.5,0.44166666666666665,36.157258327689355
12,linear_qr__residual,0.8,0.6527777777777778,60.41839691901003
12,linear_qr__residual,0.9,0.7347222222222223,74.35087893130266
12,linear_qr__residual,0.95,0.8166666666666667,89.6023201559217
12,linear_qr__residual,0.98,0.8958333333333334,114.85797107624607
12,lightgbm,0.5,0.5375,40.81553236954991
12,lightgbm,0.8,0.6958333333333333,66.96215340766574
12,lightgbm,0.9,0.8375,82.84508483163148
12,lightgbm,0.95,0.9208333333333333,101.25737138719423
12,lightgbm,0.98,1.0,133.05868001296957
12,lightgbm__residual,0.5,0.5791666666666667,31.00786020988898
12,lightgbm__residual,0.8,0.7527777777777778,63.19560811038009
12,lightgbm__residual,0.9,0.8402777777777778,88.74892848658658
12,lightgbm__residual,0.95,0.9194444444444444,98.99309968442789
12,lightgbm__residual,0.98,0.9680555555555556,124.1853530151756
12,xgboost,0.5,0.5375,44.734025139278835
12,xgboost,0.8,0.6888888888888889,72.05409407085843
12,xgboost,0.9,0.8486111111111111,94.19487477408515
12,xgboost,0.95,0.9152777777777777,108.81296167373657
12,xgboost,0.98,1.0,140.73196947309705
12,xgboost__residual,0.5,0.5763888888888888,32.322263833549286
12,xgboost__residual,0.8,0.7736111111111111,66.59071253538131
12,xgboost__residual,0.9,0.8097222222222222,76.4183807849884
12,xgboost__residual,0.95,0.9277777777777778,92.82170446890373
12,xgboost__residual,0.98,0.9722222222222222,126.49343809021843
12,linear_qr__ens_baseline,0.5,0.55,34.5883482558766
12,linear_qr__ens_baseline,0.8,0.7527777777777778,59.52729018040172
12,linear_qr__ens_baseline,0.9,0.8388888888888889,73.46746881902898
12,linear_qr__ens_baseline,0.95,0.8763888888888889,84.96935031986715
12,linear_qr__ens_baseline,0.98,0.9097222222222222,103.77306776873982
12,lightgbm__ens_baseline,0.5,0.5958333333333333,36.86866896255274
12,lightgbm__ens_baseline,0.8,0.7694444444444445,62.96131281494397
12,lightgbm__ens_baseline,0.9,0.8680555555555556,77.32369866581574
12,lightgbm__ens_baseline,0.95,0.9083333333333333,90.23721694359712
12,lightgbm__ens_baseline,0.98,1.0,112.93875528426256
12,xgboost__ens_baseline,0.5,0.5972222222222222,38.82791534741719
12,xgboost__ens_baseline,0.8,0.7708333333333334,65.50728314654033
12,xgboost__ens_baseline,0.9,0.8736111111111111,82.99859363704257
12,xgboost__ens_baseline,0.95,0.9069444444444444,94.01501208686828
12,xgboost__ens_baseline,0.98,1.0,116.7754000143263
13,benchmark_official,0.5,0.005376344086021506,0.0
13,benchmark_official,0.8,0.005376344086021506,0.0
13,benchmark_official,0.9,0.005376344086021506,0.0
13,benchmark_official,0.95,0.005376344086021506,0.0
13,benchmark_official,0.98,0.005376344086021506,0.0
13,baseline_empirical_climatology,0.5,0.5120967741935484,18.55282258064516
13,baseline_empirical_climatology,0.8,0.8723118279569892,42.419153225806454
13,baseline_empirical_climatology,0.9,0.9314516129032258,56.609045698924696
13,baseline_empirical_climatology,0.95,0.9583333333333334,66.85452150537631
13,baseline_empirical_climatology,0.98,0.9758064516129032,85.20625403225803
13,linear_qr,0.5,0.28091397849462363,25.799360929752442
13,linear_qr,0.8,0.5551075268817204,45.430791389487396
13,linear_qr,0.9,0.6922043010752689,59.651752548400246
13,linear_qr,0.95,0.8091397849462365,76.42428882256417
13,linear_qr,0.98,0.9381720430107527,95.27013785335019
13,linear_qr__residual,0.5,0.29435483870967744,24.41453932660767
13,linear_qr__residual,0.8,0.5658602150537635,46.281225815341216
13,linear_qr__residual,0.9,0.7137096774193549,59.61157843641476
13,linear_qr__residual,0.95,0.8655913978494624,76.95272396529174
13,linear_qr__residual,0.98,0.9744623655913979,103.13118623554976
13,lightgbm,0.5,0.28897849462365593,20.54433770864797
13,lightgbm,0.8,0.646505376344086,44.74779085180185
13,lightgbm,0.9,0.853494623655914,52.961169499570914
13,lightgbm,0.95,0.946236559139785,68.22074012100694
13,lightgbm,0.98,0.9717741935483871,95.87735786278532
13,lightgbm__residual,0.5,0.7016129032258065,24.813899868481737
13,lightgbm__residual,0.8,0.9368279569892473,58.75092367914429
13,lightgbm__residual,0.9,0.9704301075268817,75.78865494269603
13,lightgbm__residual,0.95,0.9704301075268817,88.06945180126871
13,lightgbm__residual,0.98,0.9798387096774194,125.11257192722515
13,xgboost,0.5,0.3629032258064516,26.03496532030003
13,xgboost,0.8,0.6115591397849462,46.76436843666979
13,xgboost,0.9,0.8776881720430108,60.554587466742404
13,xgboost,0.95,0.9771505376344086,76.5076632995332
13,xgboost,0.98,1.0,111.61784481745894
13,xgboost__residual,0.5,0.739247311827957,26.286563722036217
13,xgboost__residual,0.8,0.946236559139785,59.340469952552546
13,xgboost__residual,0.9,0.9771505376344086,76.61613543828328
13,xgboost__residual,0.95,0.978494623655914,91.15005834128267
13,xgboost__residual,0.98,0.9986559139784946,113.72485238762312
13,linear_qr__ens_baseline,0.5,0.4032258064516129,22.1760917551988
13,linear_qr__ens_baseline,0.8,0.7594086021505376,43.924972307646925
13,linear_qr__ens_baseline,0.9,0.8561827956989247,58.13039912366247
13,linear_qr__ens_baseline,0.95,0.9408602150537635,71.63940516397024
13,linear_qr__ens_baseline,0.98,0.9798387096774194,90.23819594280411
13,lightgbm__ens_baseline,0.5,0.3911290322580645,19.54858014464656
13,lightgbm__ens_baseline,0.8,0.803763440860215,43.58347203880415
13,lightgbm__ens_baseline,0.9,0.9314516129032258,54.7851075992478
13,lightgbm__ens_baseline,0.95,0.9610215053763441,67.53763081319163
13,lightgbm__ens_baseline,0.98,0.9825268817204301,90.54180594752168
13,xgboost__ens_baseline,0.5,0.43951612903225806,22.293893950472597
13,xgboost__ens_baseline,0.8,0.7782258064516129,44.591760831238126
13,xgboost__ens_baseline,0.9,0.928763440860215,58.581816582833554
13,xgboost__ens_baseline,0.95,0.9771505376344086,71.68109240245475
13,xgboost__ens_baseline,0.98,0.989247311827957,98.4120494248585
14,benchmark_official,0.5,0.002777777777777778,0.0
14,benchmark_official,0.8,0.002777777777777778,0.0
14,benchmark_official,0.9,0.002777777777777778,0.0
14,benchmark_official,0.95,0.002777777777777778,0.0
14,benchmark_official,0.98,0.002777777777777778,0.0
14,baseline_empirical_climatology,0.5,0.4583333333333333,30.193819444444447
14,baseline_empirical_climatology,0.8,0.8277777777777777,57.2547638888889
14,baseline_empirical_climatology,0.9,0.95,70.52674305555556
14,baseline_empirical_climatology,0.95,0.9958333333333333,84.48453055555555
14,baseline_empirical_climatology,0.98,0.9986111111111111,106.33146527777778
14,linear_qr,0.5,0.4013888888888889,34.98661915538125
14,linear_qr,0.8,0.6680555555555555,59.84435052881832
14,linear_qr,0.9,0.7625,75.27844943807597
14,linear_qr,0.95,0.8541666666666666,93.76933708239596
14,linear_qr,0.98,0.9972222222222222,115.17777439137691
14,linear_qr__residual,0.5,0.39166666666666666,35.43356086089367
14,linear_qr__residual,0.8,0.6347222222222222,60.53181332306351
14,linear_qr__residual,0.9,0.7625,77.59961907325477
14,linear_qr__residual,0.95,0.8611111111111112,95.70250940537056
14,linear_qr__residual,0.98,0.9736111111111111,120.09848636055665
14,lightgbm,0.5,0.4125,29.7671553676982
14,lightgbm,0.8,0.8027777777777778,57.57566193673321
14,lightgbm,0.9,0.8777777777777778,69.49303151948189
14,lightgbm,0.95,0.9430555555555555,84.75255900167711
14,lightgbm,0.98,0.9972222222222222,118.49403713436647
14,lightgbm__residual,0.5,0.4875,33.6100072881751
14,lightgbm__residual,0.8,0.7888888888888889,58.2123494758183
14,lightgbm__residual,0.9,0.8791666666666667,75.19441397500854
14,lightgbm__residual,0.95,0.9472222222222222,85.60416449166195
14,lightgbm__residual,0.98,1.0,111.3005366233937
14,xgboost,0.5,0.4152777777777778,27.746927208370632
14,xgboost,0.8,0.8319444444444445,62.95110484229194
14,xgboost,0.9,0.9138888888888889,78.59121330049302
14,xgboost,0.95,0.9583333333333334,93.4747132089403
14,xgboost,0.98,1.0,131.41079771253797
14,xgboost__residual,0.5,0.425,30.991484088367887
14,xgboost__residual,0.8,0.8402777777777778,63.98578991956181
14,xgboost__residual,0.9,0.9208333333333333,78.11575941642126
14,xgboost__residual,0.95,0.9611111111111111,89.56806118355857
14,xgboost__residual,0.98,1.0,110.57617583274842
14,linear_qr__ens_baseline,0.5,0.4125,32.59021929991284
14,linear_qr__ens_baseline,0.8,0.7569444444444444,58.54955720885361
14,linear_qr__ens_baseline,0.9,0.8972222222222223,72.90259624681576
14,linear_qr__ens_baseline,0.95,0.9625,89.12693381897576
14,linear_qr__ens_baseline,0.98,0.9986111111111111,110.75461983457733
14,lightgbm__ens_baseline,0.5,0.4222222222222222,29.98048740607132
14,lightgbm__ens_baseline,0.8,0.8194444444444444,57.41521291281106
14,lightgbm__ens_baseline,0.9,0.9125,70.00988728751872
14,lightgbm__ens_baseline,0.95,0.9777777777777777,84.61854477861633
14,lightgbm__ens_baseline,0.98,1.0,112.41275120607212
14,xgboost__ens_baseline,0.5,0.4305555555555556,28.97037332640754
14,xgboost__ens_baseline,0.8,0.8291666666666667,60.10293436559041
14,xgboost__ens_baseline,0.9,0.9402777777777778,74.55897817802429
14,xgboost__ens_baseline,0.95,0.9861111111111112,88.97962188224793
14,xgboost__ens_baseline,0.98,1.0,118.87113149515788
15,benchmark_official,0.5,0.0,0.0
15,benchmark_official,0.8,0.0,0.0
15,benchmark_official,0.9,0.0,0.0
15,benchmark_official,0.95,0.0,0.0
15,benchmark_official,0.98,0.0,0.0
15,baseline_empirical_climatology,0.5,0.592741935483871,55.03827284946237
15,baseline_empirical_climatology,0.8,0.8440860215053764,96.08744623655913
15,baseline_empirical_climatology,0.9,0.9301075268817204,115.6352956989247
15,baseline_empirical_climatology,0.95,0.9475806451612904,124.72905913978492
15,baseline_empirical_climatology,0.98,0.9905913978494624,146.00641935483875
15,linear_qr,0.5,0.510752688172043,57.55863900244393
15,linear_qr,0.8,0.739247311827957,98.0236673351396
15,linear_qr,0.9,0.8185483870967742,118.64131006318111
15,linear_qr,0.95,0.8776881720430108,133.50700083561023
15,linear_qr,0.98,0.9475806451612904,157.40636584243651
15,linear_qr__residual,0.5,0.5309139784946236,57.66975072847059
15,linear_qr__residual,0.8,0.7473118279569892,99.80121670691675
15,linear_qr__residual,0.9,0.8373655913978495,120.25118804502839
15,linear_qr__residual,0.95,0.8978494623655914,137.5233524827483
15,linear_qr__residual,0.98,0.9583333333333334,157.45799798566532
15,lightgbm,0.5,0.4274193548387097,52.50577777583844
15,lightgbm,0.8,0.7903225806451613,101.99952828645755
15,lightgbm,0.9,0.8508064516129032,115.16527759768148
15,lightgbm,0.95,0.9489247311827957,131.27542797668448
15,lightgbm,0.98,0.9879032258064516,161.72272568154293
15,lightgbm__residual,0.5,0.4314516129032258,55.67157270958054
15,lightgbm__residual,0.8,0.8077956989247311,99.90241176246317
15,lightgbm__residual,0.9,0.8508064516129032,117.29830605853215
15,lightgbm__residual,0.95,0.9086021505376344,129.81679985446118
15,lightgbm__residual,0.98,0.9811827956989247,149.1955891741081
15,xgboost,0.5,0.6263440860215054,68.3662620770034
15,xgboost,0.8,0.7688172043010753,97.37706768897272
15,xgboost,0.9,0.9274193548387096,124.59668702976678
15,xgboost,0.95,0.9690860215053764,138.26012900567824
15,xgboost,0.98,0.989247311827957,165.80827196182744
15,xgboost__residual,0.5,0.5161290322580645,57.485527546175064
15,xgboost__residual,0.8,0.7876344086021505,99.95687919534663
15,xgboost__residual,0.9,0.9032258064516129,126.86017235376502
15,xgboost__residual,0.95,0.9516129032258065,139.83174342664765
15,xgboost__residual,0.98,0.9879032258064516,158.74085703203755
15,linear_qr__ens_baseline,0.5,0.5591397849462365,56.29845592595315
15,linear_qr__ens_baseline,0.8,0.7728494623655914,97.05555678584938
15,linear_qr__ens_baseline,0.9,0.875,117.13830288105292
15,linear_qr__ens_baseline,0.95,0.9193548387096774,129.11802998769758
15,linear_qr__ens_baseline,0.98,0.9704301075268817,151.70639259863765
15,lightgbm__ens_baseline,0.5,0.5161290322580645,53.7720253126504
15,lightgbm__ens_baseline,0.8,0.8051075268817204,99.04348726150835
15,lightgbm__ens_baseline,0.9,0.8924731182795699,115.4002866483031
15,lightgbm__ens_baseline,0.95,0.9637096774193549,128.0022435582347
15,lightgbm__ens_baseline,0.98,0.9905913978494624,153.86457251819084
15,xgboost__ens_baseline,0.5,0.6182795698924731,61.70226746323288
15,xgboost__ens_baseline,0.8,0.7903225806451613,96.73225696276593
15,xgboost__ens_baseline,0.9,0.9301075268817204,120.11599136434573
15,xgboost__ens_baseline,0.95,0.9744623655913979,131.4945940727316
15,xgboost__ens_baseline,0.98,0.9919354838709677,155.90734565833307
